Designator,Footprint,Quantity,Value,LCSC Part #
"C1, C3, C4, C5, C6, C7",0402,6,100nF,C307331
C2,0402,1,4.7uF,C23733
"C8, C9",0402,2,1uF,C52923
"D1, D10, D11, D12, D13, D14, D15, D16, D17, D18, D19, D2, D20, D21, D22, D23, D24, D25, D26, D27, D28, D29, D3, D30, D31, D32, D33, D34, D35, D36, D37, D38, D39, D4, D40, D41, D42, D43, D44, D45, D46, D47, D48, D49, D5, D50, D51, D52, D53, D54, D55, D56, D57, D6, D7, D8, D9",D_SOD-123F,57,D,
J1,MOLEX_781710004_MountingReliefs,1,JST,C588524
R1,0402,1,10k,C25744
"SW1, SW10, SW11, SW13, SW14, SW15, SW16, SW17, SW18, SW19, SW2, SW20, SW21, SW22, SW25, SW26, SW27, SW28, SW29, SW3, SW30, SW31, SW32, SW33, SW34, SW37, SW38, SW39, SW4, SW40, SW41, SW42, SW43, SW44, SW45, SW46, SW5, SW50, SW51, SW55, SW56_1, SW6, SW7, SW8, SW9",SW_Hotswap_Kailh_MX_Plated_1.00u,45,SW_Push,
"SW12, SW23, SW48, SW49, SW56, SW57",SW_Hotswap_Kailh_MX_Plated_1.50u,6,SW_Push,
SW24,SW_Hotswap_Kailh_MX_Plated_1.75u_90deg,1,SW_Push,
SW24_1,SW_Hotswap_Kailh_MX_Plated_1.25u_90deg,1,SW_Push,
"SW35, SW36, SW48_1, SW57_1",SW_Hotswap_Kailh_MX_Plated_1.25u,4,SW_Push,
SW35_1,SW_Hotswap_Kailh_MX_Plated_ISOEnter_270deg,1,SW_Push,
"SW35_2, SW36_1, SW54",SW_Hotswap_Kailh_MX_Plated_2.25u,3,SW_Push,
SW47,SW_Hotswap_Kailh_MX_Plated_1.75u,1,SW_Push,
"SW47_1, SW52",SW_Hotswap_Kailh_MX_Plated_2.75u,2,SW_Push,
SW53,SW_Hotswap_Kailh_MX_Plated_7.00u,1,SW_Push,
"SW58, SW59",SW_SPST_SKQG_WithoutStem,2,RST,C318884
U1,LQFP-48_7x7mm_P0.5mm,1,STM32F072C8Tx,C80488
U2,SOT-23,1,XC6206PxxxMR-Regulator_Linear,C5446
