Designator,Mid X,Mid Y,Rotation,Layer
C1,188.75,-121.0,270.0,bottom
C2,113.0,-109.5,45.0,bottom
C3,110.25,-122.5,315.0,bottom
C4,113.75,-108.75,45.0,bottom
C5,107.0,-120.75,225.0,bottom
C6,120.25,-115.25,135.0,bottom
C7,116.0,-122.25,135.0,bottom
C8,127.3325,-67.929999,0.0,bottom
C9,129.72,-70.2,270.0,bottom
D1,45.2625,-42.3875,90.0,bottom
D10,245.2875,-42.3875,90.0,bottom
D11,273.8625,-42.3875,90.0,bottom
D12,50.025,-66.2,90.0,bottom
D13,73.8375,-66.2,90.0,bottom
D14,92.8875,-66.2,90.0,bottom
D15,111.9375,-66.2,90.0,bottom
D16,130.9875,-66.2,90.0,bottom
D17,150.0375,-66.2,90.0,bottom
D18,169.0875,-66.2,90.0,bottom
D19,188.1375,-66.2,90.0,bottom
D2,73.8375,-42.3875,90.0,bottom
D20,207.1875,-66.2,90.0,bottom
D21,226.2375,-66.2,90.0,bottom
D22,245.2875,-66.2,90.0,bottom
D23,250.0,-56.25,180.0,bottom
D24,53.75,-85.25,90.0,bottom
D25,78.6,-85.25,90.0,bottom
D26,97.65,-85.25,90.0,bottom
D27,116.7,-85.25,90.0,bottom
D28,135.75,-85.25,90.0,bottom
D29,154.8,-85.25,90.0,bottom
D3,92.8875,-42.3875,90.0,bottom
D30,173.85,-85.25,90.0,bottom
D31,192.9,-85.25,90.0,bottom
D32,211.95,-85.25,90.0,bottom
D33,231.0,-85.25,90.0,bottom
D34,234.25,-85.25,90.0,bottom
D35,234.75,-72.25,180.0,bottom
D36,37.25,-104.5,90.0,bottom
D37,69.075,-104.3,90.0,bottom
D38,88.125,-104.3,90.0,bottom
D39,107.175,-104.3,90.0,bottom
D4,111.9375,-42.3875,90.0,bottom
D40,126.225,-104.3,90.0,bottom
D41,145.275,-104.3,90.0,bottom
D42,164.325,-104.3,90.0,bottom
D43,183.375,-104.3,90.0,bottom
D44,202.425,-104.3,90.0,bottom
D45,221.475,-104.3,90.0,bottom
D46,240.525,-104.3,90.0,bottom
D47,269.25,-104.25,90.0,bottom
D48,55.25,-124.75,0.0,bottom
D49,83.0,-114.5,0.0,bottom
D5,140.5125,-42.3875,90.0,bottom
D50,86.25,-123.35,90.0,bottom
D51,102.4125,-123.35,90.0,bottom
D52,138.1313,-123.35,90.0,bottom
D53,159.5625,-123.35,90.0,bottom
D54,185.7563,-123.35,90.0,bottom
D55,216.7125,-123.35,90.0,bottom
D56,243.0,-123.35,90.0,bottom
D57,248.75,-123.35,90.0,bottom
D6,159.5625,-42.3875,90.0,bottom
D7,178.6125,-42.3875,90.0,bottom
D8,207.1875,-42.3875,90.0,bottom
D9,226.2375,-42.3875,90.0,bottom
J1,133.5,-51.85,180.0,bottom
R1,188.75,-117.490001,90.0,bottom
SW1,38.1,-38.1,0.0,top
SW10,238.125,-38.1,0.0,top
SW11,266.7,-38.1,0.0,top
SW12,42.8625,-61.9125,0.0,top
SW13,66.675,-61.9125,0.0,top
SW14,85.725,-61.9125,0.0,top
SW15,104.775,-61.9125,0.0,top
SW16,123.825,-61.9125,0.0,top
SW17,142.875,-61.9125,0.0,top
SW18,161.925,-61.9125,0.0,top
SW19,180.975,-61.9125,0.0,top
SW2,66.675,-38.1,0.0,top
SW20,200.025,-61.9125,0.0,top
SW21,219.075,-61.9125,0.0,top
SW22,238.125,-61.9125,0.0,top
SW23,261.9375,-61.9125,0.0,top
SW24,45.2438,-80.9625,270.0,top
SW24_1,40.4813,-80.9625,90.0,top
SW25,71.4375,-80.9625,0.0,top
SW26,90.4875,-80.9625,0.0,top
SW27,109.5375,-80.9625,0.0,top
SW28,128.5875,-80.9625,0.0,top
SW29,147.6375,-80.9625,0.0,top
SW3,85.725,-38.1,0.0,top
SW30,166.6875,-80.9625,0.0,top
SW31,185.7375,-80.9625,0.0,top
SW32,204.7875,-80.9625,0.0,top
SW33,223.8375,-80.9625,0.0,top
SW34,242.8875,-80.9625,90.0,top
SW35,264.3188,-80.9625,180.0,top
SW35_1,264.3188,-71.4375,270.0,top
SW35_2,254.7938,-80.9625,0.0,top
SW36,40.4813,-100.0125,0.0,top
SW36_1,50.0063,-100.0125,180.0,top
SW37,61.9125,-100.0125,0.0,top
SW38,80.9625,-100.0125,0.0,top
SW39,100.0125,-100.0125,0.0,top
SW4,104.775,-38.1,0.0,top
SW40,119.0625,-100.0125,0.0,top
SW41,138.1125,-100.0125,0.0,top
SW42,157.1625,-100.0125,0.0,top
SW43,176.2125,-100.0125,0.0,top
SW44,195.2625,-100.0125,0.0,top
SW45,214.3125,-100.0125,0.0,top
SW46,233.3625,-100.0125,0.0,top
SW47,259.5563,-100.0125,180.0,top
SW47_1,250.0313,-100.0125,0.0,top
SW48,42.8625,-119.0625,180.0,top
SW48_1,40.4813,-119.0625,0.0,top
SW49,71.4375,-119.0625,0.0,top
SW5,133.35,-38.1,0.0,top
SW50,76.2,-119.0625,180.0,top
SW51,95.25,-119.0625,0.0,top
SW52,130.9688,-119.0625,0.0,top
SW53,152.4,-119.0625,0.0,top
SW54,178.5938,-119.0625,0.0,top
SW55,209.55,-119.0625,0.0,top
SW56,233.3625,-119.0625,180.0,top
SW56_1,228.6,-119.0625,0.0,top
SW57,261.9375,-119.0625,0.0,top
SW57_1,264.3188,-119.0625,180.0,top
SW58,194.75,-114.0,0.0,bottom
SW59,194.75,-121.25,0.0,bottom
SW6,152.4,-38.1,0.0,top
SW7,171.45,-38.1,0.0,top
SW8,200.025,-38.1,0.0,top
SW9,219.075,-38.1,0.0,top
U1,113.25,-116.0,45.0,bottom
U2,127.3125,-70.2,180.0,bottom
